index,phase,family,selected_action,frozen_nll,global_nll,context_nll,psl_episode_nll,semantic_proxy_nll,shifted_nll,psl_episode_brier,global_brier
0,training,laboratory,explore,2.302585,2.302585,2.302585,2.302585,2.245153,2.302585,0.900000,0.900000
1,training,henry-collaboration,persist,2.302585,2.484907,2.302585,2.302585,2.317474,2.302585,0.900000,0.958333
2,training,outside-authority,explore,2.302585,1.540445,2.302585,2.302585,2.245153,1.386294,0.900000,0.704082
3,training,promised-review,persist,2.302585,1.673976,2.302585,1.386294,1.391233,2.302585,0.625000,0.789062
4,training,laboratory,explore,2.302585,1.280934,1.386294,1.386294,1.366782,0.767255,0.625000,0.623457
5,training,henry-collaboration,persist,2.302585,1.386294,1.386294,0.767255,0.769152,0.980829,0.318878,0.705000
6,training,outside-authority,explore,2.302585,1.145132,1.386294,0.980829,0.969942,0.632523,0.434028,0.582645
7,training,promised-review,persist,2.302585,1.232144,1.386294,0.632523,0.633972,1.386294,0.244141,0.656250
8,training,laboratory,explore,2.302585,1.060872,1.029619,1.029619,1.017866,0.441833,0.459184,0.559172
9,training,henry-collaboration,persist,2.302585,1.134980,1.029619,0.441833,0.442745,0.614676,0.141723,0.625000
10,training,outside-authority,persist,2.302585,1.003302,2.639057,2.975530,2.990418,3.332205,1.213869,0.544444
11,training,promised-review,persist,2.302585,0.900787,1.029619,0.387766,0.388544,1.029619,0.114796,0.478516
12,training,laboratory,explore,2.302585,1.128465,0.826679,0.826679,0.818269,0.425552,0.351562,0.659170
13,training,henry-collaboration,persist,2.302585,0.875469,0.826679,0.295287,0.295851,0.433190,0.072637,0.476852
14,training,outside-authority,persist,2.302585,0.804373,1.673976,1.418043,1.420430,1.823508,0.784790,0.427978
15,training,promised-review,persist,2.302585,0.744440,0.826679,0.267063,0.267566,0.826679,0.061035,0.386250
16,in_family_holdout,laboratory,explore,2.302585,1.172720,0.693147,0.693147,0.686601,2.890372,0.277778,0.731293
17,in_family_holdout,henry-collaboration,persist,2.302585,0.739667,0.693147,0.213574,0.213965,1.741749,0.041091,0.393595
18,in_family_holdout,outside-authority,challenge,2.302585,3.828641,2.890372,3.478158,3.420726,3.478158,1.229462,1.316635
19,in_family_holdout,promised-review,persist,2.302585,0.735707,0.693147,0.196710,0.197067,1.159981,0.035431,0.375868
20,in_family_holdout,laboratory,persist,2.302585,0.693147,2.995732,2.995732,3.010621,0.798508,1.225000,0.346400
21,in_family_holdout,henry-collaboration,persist,2.302585,0.655407,0.597837,0.162519,0.162809,1.149906,0.025000,0.320266
22,in_family_holdout,outside-authority,persist,2.302585,0.621688,1.386294,1.123930,1.125068,0.470004,0.596250,0.296982
23,in_family_holdout,promised-review,persist,2.302585,0.591364,0.597837,0.151550,0.151819,0.863046,0.021973,0.276148
24,new_context_diagnostic,missing-record,challenge,2.302585,2.961831,2.302585,2.302585,2.245153,2.302585,0.900000,1.291914
25,new_context_diagnostic,unfamiliar-visitor,challenge,2.302585,2.484907,2.302585,2.302585,2.245153,2.302585,0.900000,1.207222
26,new_context_diagnostic,missing-record,persist,2.302585,0.630627,2.484907,2.484907,2.499795,2.484907,0.958333,0.291883
27,new_context_diagnostic,unfamiliar-visitor,persist,2.302585,0.603535,2.484907,2.667228,2.682117,2.667228,1.045139,0.273926
