case_id,arm,blind_id,truth,context,value,voice,total,invented_autobiography
c00-vienna,static_flat,c-030,0,0,0,2,2,1
c00-vienna,evolving_flat,c-002,0,0,0,2,2,1
c00-vienna,evolving_phase,c-017,0,0,0,2,2,1
c00-vienna,history_control,c-006,0,0,0,2,2,1
c01-official,static_flat,c-008,2,2,2,2,8,0
c01-official,evolving_flat,c-021,2,0,1,2,5,0
c01-official,evolving_phase,c-029,2,2,2,2,8,0
c01-official,history_control,c-028,2,2,2,2,8,0
c02-review,static_flat,c-019,0,0,1,2,3,0
c02-review,evolving_flat,c-007,2,2,2,2,8,0
c02-review,evolving_phase,c-018,2,2,2,2,8,0
c02-review,history_control,c-027,2,2,2,2,8,0
c03-delay,static_flat,c-025,2,0,1,2,5,0
c03-delay,evolving_flat,c-026,2,2,2,2,8,0
c03-delay,evolving_phase,c-003,2,2,2,2,8,0
c03-delay,history_control,c-031,2,2,2,2,8,0
c04-two,static_flat,c-023,2,1,1,2,6,0
c04-two,evolving_flat,c-011,2,0,0,2,4,0
c04-two,evolving_phase,c-020,2,0,0,2,4,0
c04-two,history_control,c-012,2,0,0,2,4,0
c05-disagree,static_flat,c-001,2,0,1,2,5,0
c05-disagree,evolving_flat,c-005,2,0,1,2,5,0
c05-disagree,evolving_phase,c-015,2,0,1,2,5,0
c05-disagree,history_control,c-000,2,0,1,2,5,0
c06-closed,static_flat,c-024,2,0,0,2,4,0
c06-closed,evolving_flat,c-009,2,0,0,2,4,0
c06-closed,evolving_phase,c-016,2,1,2,2,7,0
c06-closed,history_control,c-013,2,1,2,2,7,0
c07-visitor,static_flat,c-014,0,0,0,2,2,1
c07-visitor,evolving_flat,c-004,0,0,0,2,2,1
c07-visitor,evolving_phase,c-022,0,1,1,2,4,1
c07-visitor,history_control,c-010,1,1,1,2,5,1
